/celebrity/1000184/,安东尼·博金斯
/celebrity/1049722/,维拉·迈尔斯
/celebrity/1000342/,约翰·加文
/celebrity/1010616/,珍妮特·利
/celebrity/1041188/,马丁·鲍尔萨姆
/celebrity/1010716/,约翰·麦克因泰
/celebrity/1135067/,西蒙·奥克兰
/celebrity/1007199/,弗兰克·艾伯森
/celebrity/1009414/,帕特里夏·希区柯克
/celebrity/1032367/,沃恩·泰勒
/celebrity/1103461/,维尔纳·克劳斯
/celebrity/1007139/,康拉德·韦特
/celebrity/1033521/,弗里德里希·费赫尔
/celebrity/1014029/,雷·沃纳尔
/celebrity/1040521/,加利·艾尔维斯
/celebrity/1010571/,丹尼·格洛弗
/celebrity/1004647/,肯·梁
/celebrity/1036357/,迪娜·迈耶
/celebrity/1343015/,迈克·巴特斯
/celebrity/1099323/,保罗·古德勒支
/celebrity/1049520/,迈克尔·爱默生
/celebrity/1124343/,本尼托·马丁内斯
/celebrity/1009317/,肖妮·史密斯
/celebrity/1112354/,默文·约翰斯
/celebrity/1074822/,罗兰·卡尔弗
/celebrity/1121934/,玛丽·梅罗尔
/celebrity/1032561/,乔姬·韦瑟斯
/celebrity/1158097/,弗雷德里克·瓦尔克
/celebrity/1056577/,安东尼·贝尔德
/celebrity/1009546/,萨莉·安·豪斯
/subject_search?search_text=Robert%20Wyndham,Robert Wyndham
/celebrity/1042805/,朱迪·凯利
/celebrity/1019263/,迈尔斯·马勒森
/celebrity/1041186/,杰瑞米·布雷特
/celebrity/1025330/,爱德华·哈德威克
/celebrity/1025339/,克里斯托弗·塔柏
/subject_search?search_text=Mary%20Philbin,Mary Philbin
/subject_search?search_text=Conrad%20Veidt,Conrad Veidt
/subject_search?search_text=Julius%20Molnar%20Jr.,Julius Molnar Jr.
/celebrity/1016999/,新珠三千代
/celebrity/1029600/,渡边美佐子
/celebrity/1119854/,三国连太郎
/celebrity/1326277/,石山健二郎
/celebrity/1015718/,赤木兰子
/celebrity/1348119/,北原文枝
/celebrity/1049120/,松本克平
/celebrity/1036950/,仲代达矢
/celebrity/1023541/,岸惠子
/celebrity/1124173/,望月優子
/celebrity/1287743/,阿克塞尔·佐杜洛夫斯基
/celebrity/1093735/,布兰卡·格拉
/celebrity/1158203/,盖·斯托克维尔
/celebrity/1287746/,亚当·佐杜洛夫斯基
/celebrity/1298915/,法薇奥拉·叶莲卡·塔皮亚
/celebrity/1069134/,塞尔希奥·布斯塔曼特
/celebrity/1082989/,格斯塔·埃克曼
/celebrity/1023101/,埃米尔·雅宁斯
/celebrity/1101555/,卡米拉·霍恩
/celebrity/1141998/,弗里达·李察
/celebrity/1104379/,奥德里奇•凯瑟
/celebrity/1122037/,伊里·拉布斯
/celebrity/1008718/,Michal Pavlícek
/celebrity/1073167/,Vilém Cok
/celebrity/1137722/,索尔基尔德·鲁斯
/celebrity/1133467/,丽斯贝斯·穆文
/celebrity/1121318/,普雷本·勒尔多夫·雷
/celebrity/1130971/,西格莉德·内耶恩达姆
/celebrity/1010601/,大卫·哈塞尔霍夫
/subject_search?search_text=Coleen%20Sexton,Coleen Sexton
/subject_search?search_text=Andrea%20Rivette,Andrea Rivette
/celebrity/1027898/,克劳斯·金斯基
/celebrity/1164018/,唐娜·威尔克斯
/celebrity/1099345/,玛丽亚娜·希尔
/celebrity/1025219/,托宾·贝尔
/celebrity/1009317/,肖妮·史密斯
/celebrity/1025198/,唐尼·沃尔伯格
/celebrity/1109212/,埃里克·克诺德森
/celebrity/1303033/,弗兰基·G
/celebrity/1025274/,格伦·普拉默
/celebrity/1010560/,埃曼妞·沃吉亚
/celebrity/1055042/,贝弗利·米切尔
/celebrity/1068912/,蒂姆·伯德
/celebrity/1036357/,迪娜·迈耶
/celebrity/1050774/,中井贵一
/celebrity/1161267/,山本耕史
/celebrity/1033202/,柏原崇
/celebrity/1034275/,稻森泉
/celebrity/1023133/,奥菜惠
/celebrity/1046352/,冈元夕纪子
/celebrity/1160198/,武田真治
/celebrity/1024696/,森田一义
/celebrity/1015297/,矢田亚希子
/celebrity/1030048/,铃木一真
/celebrity/1334765/,Kylie Clare
/celebrity/1334766/,Tony Blackett
/celebrity/1334767/,Allen Leong
/celebrity/1334768/,Matthew Nicholls
/celebrity/1334769/,Nik Forster
/subject_search?search_text=Vic%20Rooney,Vic Rooney
/celebrity/1134637/,Georgie Parker
/subject_search?search_text=Lisa%20Hensley,Lisa Hensley
/celebrity/1036459/,米兰达·奥图
/celebrity/1299563/,Jeff Truman
/celebrity/1074084/,弗拉丝塔·赫拉莫斯托娃
/celebrity/1100522/,鲁道夫·霍辛斯基
/celebrity/1032593/,伊日·门泽尔
/celebrity/1050382/,维克多·斯约斯特洛姆
/celebrity/1065528/,希尔达·博里斯特伦
/celebrity/1158539/,托雷·斯文贝里
/celebrity/1096633/,阿斯特里德·霍尔姆
/celebrity/1138121/,康科迪娅·塞兰德
/celebrity/1161937/,托尔·魏登
/celebrity/1060747/,埃纳尔·阿克塞尔松
/celebrity/1164183/,奥洛夫·奥斯
/celebrity/1059363/,尼尔斯·阿雷恩
/celebrity/1088936/,尼尔斯·埃尔夫斯
/celebrity/1027973/,马克·加蒂斯
/celebrity/1049915/,史蒂夫·佩姆伯顿
/celebrity/1050114/,里斯·谢尔史密斯
/celebrity/1004566/,麦克·辛
/subject_search?search_text=Danielle%20Tilley,Danielle Tilley
/celebrity/1104835/,Bruno Langley
/subject_search?search_text=Alan%20Morrissey,Alan Morrissey
/celebrity/1253107/,莉安娜·奥克莱丽
/subject_search?search_text=Philip%20O%27Sullivan,Philip O'Sullivan
/subject_search?search_text=Jeff%20Mirza,Jeff Mirza
/celebrity/1041186/,杰瑞米·布雷特
/celebrity/1025330/,爱德华·哈德威克
/celebrity/1115164/,罗伊·马斯登
/celebrity/1063526/,基思·巴伦
/celebrity/1408873/,尤兰达·瓦兹奎兹
/celebrity/1084695/,莫瑞斯·德纳姆
/celebrity/1080228/,理查德·德姆西
/celebrity/1061067/,朱丽叶特·奥布瑞
/celebrity/1096143/,Jason Hetherington
/celebrity/1157042/,伊丽莎白·斯普里格斯
/celebrity/1053584/,维拉·法米加
/celebrity/1031800/,彼得·萨斯加德
/celebrity/1013784/,伊莎贝拉·弗尔曼
/celebrity/1013803/,希·庞德
/celebrity/1004639/,吉米·本内特
/celebrity/1009477/,玛格·马丁戴尔
/celebrity/1143398/,卡瑞尔·罗登
/celebrity/1031924/,阿娅娜·恩吉妮尔
/celebrity/1350571/,萝丝玛丽·邓斯莫尔
/celebrity/1361507/,杰米·杨
/celebrity/1054528/,杰克·尼科尔森
/celebrity/1010585/,谢莉·杜瓦尔
/celebrity/1123465/,丹尼·劳埃德
/celebrity/1019092/,斯加特曼·克罗索斯
/celebrity/1000487/,巴瑞·尼尔森
/celebrity/1149637/,菲利普·斯通
/celebrity/1153010/,乔·托克尔
/celebrity/1050085/,安妮·杰克逊
/celebrity/1068608/,托尼·伯顿
/celebrity/1054442/,妮可·基德曼
/celebrity/1036526/,菲奥纽拉·弗拉纳根
/celebrity/1006990/,克里斯托弗·埃克莱斯顿
/celebrity/1126039/,阿拉济纳·曼恩
/celebrity/1301915/,詹姆斯·本特利
/celebrity/1048260/,埃里克·赛克斯
/celebrity/1013969/,伊莲·卡西迪
/celebrity/1056526/,勒妮·阿舍森
/celebrity/1145439/,戈登·雷德
/celebrity/1019138/,基思·艾伦
/celebrity/1053569/,西格妮·韦弗
/celebrity/1049603/,汤姆·斯凯里特
/celebrity/1002749/,维罗尼卡·卡维特
/celebrity/1010582/,哈利·戴恩·斯坦通
/celebrity/1004587/,约翰·赫特
/celebrity/1049594/,伊安·霍姆
/celebrity/1041210/,亚非特·科托
/celebrity/1375564/,博拉吉·巴迪乔
/celebrity/1375565/,海伦·霍顿
/celebrity/1400576/,滨津隆之
/celebrity/1406283/,真鱼
/celebrity/1406271/,主浜晴美
/celebrity/1402361/,秋山柚稀
/celebrity/1402501/,长屋和彰
/celebrity/1406280/,细井学
/celebrity/1406284/,市原洋
/celebrity/1406274/,山崎俊太郎
/celebrity/1406272/,大泽真一郎
/celebrity/1406276/,竹原芳子
/celebrity/1049923/,马科斯·夏瑞克
/celebrity/1099156/,约翰·戈托特
/celebrity/1050471/,格里塔·斯楚瑞德
/celebrity/1165478/,役所广司
/celebrity/1098360/,萩原圣人
/celebrity/1051793/,氏木毅
/celebrity/1051460/,中川安奈
/celebrity/1034012/,洞口依子
/celebrity/1316641/,绪方义博
/celebrity/1134227/,大杉涟
/celebrity/1151085/,诹访太朗
/celebrity/1313629/,田中哲司
/celebrity/1028576/,乙羽信子
/celebrity/1158379/,宇野重吉
/celebrity/1138588/,佐藤庆
/celebrity/1001479/,吉村实子
/celebrity/1029580/,殿山泰司
/celebrity/1025154/,米拉·乔沃维奇
/celebrity/1025174/,米歇尔·罗德里格兹
/celebrity/1314721/,科林·萨蒙
/celebrity/1044914/,埃里克·马比斯
/celebrity/1017920/,詹姆斯·鲍弗
/celebrity/1006919/,帕特里克·威尔森
/celebrity/1022562/,罗丝·伯恩
/celebrity/1322702/,泰·辛普金斯
/celebrity/1276530/,林·沙烨
/celebrity/1006998/,芭芭拉·赫希
/celebrity/1336797/,斯蒂芬·考特尔
/celebrity/1014029/,雷·沃纳尔
/celebrity/1334194/,安格斯·桑普森
/celebrity/1336798/,安德鲁·阿斯特
/celebrity/1327089/,汉克·哈里斯
/celebrity/1004650/,米亚·法罗
/celebrity/1036478/,约翰·卡萨维蒂
/celebrity/1041189/,鲁思·戈登
/celebrity/1012597/,西德尼·布莱克默
/celebrity/1018282/,莫里斯·埃文斯
/celebrity/1019112/,拉尔夫·贝拉米
/celebrity/1027641/,维多利亚·沃特瑞
/celebrity/1016793/,帕茜·凯莉
/celebrity/1072490/,小伊莱莎·库克
/celebrity/1093986/,埃马利娜·亨利
/celebrity/1017172/,吉田日出子
/celebrity/1156488/,津嘉山正种
/celebrity/1017170/,水岛裕
/celebrity/1043070/,家弓家正
/celebrity/1050874/,八奈见乘儿
/celebrity/1168170/,大竹宏
/celebrity/1042350/,银河万丈
/celebrity/1034285/,屋良有作
/celebrity/1024128/,田中和实
/celebrity/1031222/,朱迪·福斯特
/celebrity/1054274/,马丁·辛
/celebrity/1152512/,亚历克西斯·史密斯
/celebrity/1042373/,Mort Shuman
/celebrity/1036673/,斯科特·雅各比
/subject_search?search_text=Dorothy%20Davis,Dorothy Davis
/subject_search?search_text=Clesson%20Goodhue,Clesson Goodhue
/celebrity/1128289/,赫伯特·诺尔
/celebrity/1089814/,Jacques Famery
/celebrity/1130660/,Mary Morter
/celebrity/1404706/,阿玛莉亚·卡西尼
/celebrity/1404707/,雷纳·克劳斯
/celebrity/1002675/,马克斯·冯·叙多夫
/celebrity/1036619/,丽芙·乌曼
/celebrity/1038597/,耶特鲁德·弗里德
/celebrity/1145998/,乔治·莱德伯格
/celebrity/1019223/,厄兰·约瑟夫森
/celebrity/1005075/,英格丽·图林
/celebrity/1049865/,弗雷德里克·马奇
/celebrity/1027593/,米利亚姆·霍普金斯
/celebrity/1045659/,罗丝·霍巴德
/subject_search?search_text=%E7%9F%B3%E5%B7%9D%E5%8A%9F%E4%B9%85%28%E7%9F%B3%E5%B7%9D%E7%9C%9F%29,石川功久(石川真)
/subject_search?search_text=%E9%87%8E%E6%9D%91%E8%A3%95%E7%BE%8E,野村裕美
/subject_search?search_text=%E7%9F%B3%E6%BF%B1%E6%9C%97,石濱朗
/subject_search?search_text=John%20Standing,John Standing
/subject_search?search_text=Ian%20Hogg,Ian Hogg
/subject_search?search_text=Lee%20Montague,Lee Montague
/celebrity/1035673/,凯特·哈德森
/celebrity/1019052/,吉娜·罗兰兹
/celebrity/1004587/,约翰·赫特
/celebrity/1031800/,彼得·萨斯加德
/celebrity/1027231/,乔伊·布赖恩特
/celebrity/1361510/,麦克辛·巴内特
/celebrity/1361511/,法隆尼·R·哈里斯
/celebrity/1361512/,马龙·泽瑟
/celebrity/1361514/,安·达芮普
/celebrity/1361513/,迪内·泰勒
/celebrity/1031816/,托马斯·简
/celebrity/1025195/,马西娅·盖伊·哈登
/celebrity/1036452/,劳瑞·侯登
/celebrity/1009380/,安德鲁·布劳尔
/celebrity/1107884/,托比·琼斯
/celebrity/1000095/,威廉姆·赛德勒
/celebrity/1014079/,内森·甘宝
/celebrity/1048026/,周星驰
/celebrity/1018248/,莫文蔚
/celebrity/1008125/,梁家仁
/celebrity/1301215/,黄一飞
/celebrity/1274246/,李力持
/celebrity/1377025/,卢雄
/celebrity/1305232/,张莽
/celebrity/1337283/,谭淑梅
/celebrity/1315071/,黄智贤
/celebrity/1343510/,周志辉
/celebrity/1025219/,托宾·贝尔
/celebrity/1009317/,肖妮·史密斯
/celebrity/1049554/,安古斯·麦克菲登
/celebrity/1000328/,巴哈·索莫克
/celebrity/1025198/,唐尼·沃尔伯格
/celebrity/1036357/,迪娜·迈耶
/celebrity/1014029/,雷·沃纳尔
/celebrity/1347815/,姆波·可霍
/celebrity/1350050/,贝瑞·弗莱特曼
/celebrity/1367073/,雷瑞克·本特
/subject_search?search_text=Gil%20Alma,Gil Alma
/subject_search?search_text=Aure%20Atika,Aure Atika
/subject_search?search_text=Fran%C3%A7ois%20Creton,François Creton
/subject_search?search_text=Guillaume%20Depardieu,Guillaume Depardieu
/celebrity/1045454/,松田龙平
/celebrity/1045426/,安藤政信
/celebrity/1036944/,池内博之
/celebrity/1034148/,市川实和子
/celebrity/1331984/,齐藤阳一郎
/celebrity/1024824/,村田充
/celebrity/1029875/,近藤公园
/celebrity/1037635/,樋口可南子
/celebrity/1015070/,岸本加世子
/celebrity/1051468/,铃木砂羽
/celebrity/1025243/,约翰·萨克松
/celebrity/1072969/,Joseph Culp
/subject_search?search_text=Robin%20Frates,Robin Frates
/celebrity/1007139/,康拉德·韦特
/celebrity/1156543/,亚历山德拉·索丽娜
/celebrity/1048490/,弗里茨·科特讷
/celebrity/1053584/,维拉·法米加
/celebrity/1006919/,帕特里克·威尔森
/celebrity/1031888/,莉莉·泰勒
/celebrity/1019023/,朗·里维斯顿
/celebrity/1325691/,珊莉·卡斯韦尔
/celebrity/1000107/,哈蕾·麦克法兰
/celebrity/1022713/,乔伊·金
/celebrity/1267954/,麦肯吉·弗依
/celebrity/1379206/,凯拉·迪弗
/celebrity/1348706/,山农·库克
/celebrity/1025154/,米拉·乔沃维奇
/celebrity/1031810/,西耶娜·盖尔利
/celebrity/1036387/,奥德·菲尔
/celebrity/1049595/,托马斯·克莱舒曼
/celebrity/1303098/,索菲·瓦瓦塞尔
/celebrity/1040704/,何家蓓
/celebrity/1340880/,科林·伍德尔
/celebrity/1397803/,斯蒂芬妮·诺格拉斯
/celebrity/1346453/,瑞贝卡·瑞滕豪斯
/celebrity/1267209/,安德鲁斯·李斯
/celebrity/1360187/,贝蒂·加布里埃尔
/celebrity/1400841/,康纳·戴尔·里奥
/celebrity/1397807/,萨维拉·温蒂亚尼
/celebrity/1397802/,切尔西·阿尔登
/celebrity/1171585/,道格拉斯·泰特
/celebrity/1397805/,阿什顿·斯迈利
/celebrity/1031814/,库尔特·拉塞尔
/celebrity/1027865/,威尔福德·布利姆雷
/celebrity/1078388/,TK·卡特
/celebrity/1078440/,大卫·科列侬
/celebrity/1019012/,凯斯·大卫
/celebrity/1083661/,理查德·戴萨特
/celebrity/1094439/,查尔斯·哈拉汉
/subject_search?search_text=Peter%20Maloney,Peter Maloney
/celebrity/1041211/,理查德·马苏尔
/celebrity/1119503/,唐纳德·莫法特
/celebrity/1013808/,杰梅奈·克莱门特
/celebrity/1076354/,塔伊加·维迪提
/celebrity/1342773/,乔尼·布鲁
/celebrity/1346176/,柯里·冈萨雷斯·马乔尔
/celebrity/1349887/,斯图·拉瑟福德
/celebrity/1349888/,本·弗兰舍姆
/celebrity/1349889/,杰姬·凡·比克
/celebrity/1349890/,埃琳娜·斯泰伊科
/celebrity/1384504/,杰森·霍伊特
/celebrity/1363103/,凯伦·奥利里
/celebrity/1054282/,午马
/celebrity/1025476/,钱嘉乐
/celebrity/1016848/,李丽珍
/celebrity/1028948/,陈友
/celebrity/1050240/,元华
/subject_search?search_text=%E7%8E%8B%E7%8E%89%E7%8E%AF,王玉环
/celebrity/1001599/,柳忧怜
/celebrity/1027322/,栗山千明
/celebrity/1038223/,三轮瞳
/celebrity/1034430/,三轮明日美
/subject_search?search_text=%E5%B0%8F%E5%B1%B1%E5%83%9A%E5%A4%AA,小山僚太
/celebrity/1216319/,藤贵子
/celebrity/1122604/,松山鹰志
/celebrity/1036651/,杰克·南斯
/celebrity/1160227/,夏洛特·斯图尔特
/celebrity/1105898/,艾伦·约瑟夫
/celebrity/1066414/,珍妮·贝茨
/celebrity/1111337/,小哈尔·兰登
/celebrity/1082523/,华莱士·福特
/celebrity/1048376/,丽拉·海厄姆斯
/celebrity/1023306/,奥尔加·巴古拉诺娃
/celebrity/1027301/,黛博拉·蔻儿
/celebrity/1050103/,彼得·温贾德
/celebrity/1102709/,梅格斯·詹金斯
/celebrity/1032057/,迈克尔·雷德格瑞夫
/celebrity/1005416/,马丁·史蒂芬斯
/celebrity/1004979/,帕梅拉·富兰克林
/celebrity/1359131/,玛蒂娜·贝兹斯科娃
/subject_search?search_text=Sylvie%20Kraslov%C3%A1,Sylvie Kraslová
/subject_search?search_text=S%C3%A1ra%20Voriskov%C3%A1,Sára Vorisková
/celebrity/1099687/,安娜·盖伊斯洛娃
/celebrity/1000591/,南茜·凯利
/celebrity/1123175/,帕蒂·麦克马科
/celebrity/1038000/,朱利安·维斯特
/celebrity/1146366/,莫里斯·舒茨
/celebrity/1120760/,瑞纳·曼德尔
/celebrity/1145896/,西比·施米茨
/celebrity/1381192/,扬·希罗尼姆科
/celebrity/1381193/,亨利埃特·杰勒德
/celebrity/1074533/,艾伯特·布拉斯
/subject_search?search_text=%E5%B2%A9%E4%B8%8B%E5%BF%97%E9%BA%BB,岩下志麻
/subject_search?search_text=%E8%8B%A5%E5%B1%B1%E5%AF%8C%E4%B8%89%E9%83%8E,若山富三郎
/celebrity/1041583/,小罗斯·巴达塞里安
/celebrity/1018573/,珍妮丝·卡门
/celebrity/1049599/,伊丽莎白·戴利
/celebrity/1098400/,多迪·古德曼
/celebrity/1055202/,莫里斯·拉马奇
/celebrity/1131038/,罗伯·鲍森
/celebrity/1031825/,弗兰克·维尔克
/celebrity/1016708/,艾普尔·温切尔
/celebrity/1007082/,帕特里克·博金
/celebrity/1027846/,兰迪·奎德
/celebrity/1123075/,约翰·米尔斯
/celebrity/1025263/,朗贝尔·维尔森
/subject_search?search_text=Fiona%20Gillies,Fiona Gillies
/subject_search?search_text=Jacinta%20Mulcahy,Jacinta Mulcahy
/celebrity/1125812/,Ronald Leigh-Hunt
/celebrity/1150155/,Timothy Stark
/celebrity/1022603/,弗农·多布切夫
/subject_search?search_text=Roger%20Bizley,Roger Bizley
/subject_search?search_text=Viktor%20Avilov,Viktor Avilov
/subject_search?search_text=Anna%20Demyanenko,Anna Demyanenko
/subject_search?search_text=Mikhail%20Kozakov,Mikhail Kozakov
/subject_search?search_text=Malgorzata%20Braunek,Malgorzata Braunek
/celebrity/1158137/,莱赛克· 泰来钦斯基
/celebrity/1134201/,扬·诺维茨基
/subject_search?search_text=%E4%BA%95%E4%B8%8A%E6%AD%A3%E5%A4%AB,井上正夫
/subject_search?search_text=%E4%B8%AD%E5%B7%9D%E8%8A%B3%E6%B1%9F,中川芳江
/subject_search?search_text=%E9%A3%AF%E5%B3%B6%E7%B6%BE%E5%AD%90,飯島綾子
/celebrity/1010839/,卢茜娜·温尼斯卡
/celebrity/1161593/,米奇斯瓦夫·福伊特
/celebrity/1017242/,安娜·齐皮勒夫斯卡
/celebrity/1047960/,戴文·萨瓦
/celebrity/1018978/,艾丽·拉特
/celebrity/1031945/,科尔·史密斯
/celebrity/1049871/,克里森·克拉克
/celebrity/1032119/,丹尼尔·洛巴克
/celebrity/1159598/,罗杰·格午埃文·史密斯
/celebrity/1089653/,查德·多纳拉
/celebrity/1027153/,西恩·威廉·斯科特
/celebrity/1036498/,托尼·托德
/celebrity/1027337/,阿曼达·达特曼
/celebrity/1054456/,约翰尼·德普
/celebrity/1016680/,海伦娜·伯翰·卡特
/celebrity/1025153/,艾伦·瑞克曼
/celebrity/1031872/,蒂莫西·斯波
/celebrity/1027161/,萨莎·拜伦·科恩
/celebrity/1040510/,杰米·坎贝尔·鲍尔
/celebrity/1032237/,劳拉·米歇尔·凯利
/celebrity/1045087/,简妮·怀森纳
/celebrity/1311337/,爱德·山德斯
/celebrity/1010507/,加里·奥德曼
/celebrity/1012519/,薇诺娜·瑞德
/celebrity/1054434/,安东尼·霍普金斯
/celebrity/1008070/,基努·里维斯
/celebrity/1048188/,理查德·E·格兰特
/celebrity/1040521/,加利·艾尔维斯
/celebrity/1055802/,比利·坎贝尔
/celebrity/1019080/,珊迪·弗罗斯特
/celebrity/1036356/,汤姆·威兹
/celebrity/1025156/,莫妮卡·贝鲁奇
/celebrity/1006919/,帕特里克·威尔森
/celebrity/1053584/,维拉·法米加
/celebrity/1338881/,麦迪逊·沃尔夫
/celebrity/1017886/,弗兰西丝·奥康纳
/celebrity/1361645/,劳伦·埃斯波西托
/celebrity/1379209/,本杰明·海格
/celebrity/1379210/,帕特里克·麦考利
/celebrity/1049805/,西蒙·迈克伯尼
/celebrity/1027195/,玛丽亚·多耶·肯尼迪
/celebrity/1282187/,西蒙·德兰尼
/celebrity/1005415/,钱小豪
/celebrity/1016847/,惠英红
/celebrity/1274229/,鲍起静
/celebrity/1028948/,陈友
/celebrity/1037408/,吴耀汉
/celebrity/1038772/,卢海鹏
/celebrity/1314531/,钟发
/celebrity/1289501/,楼南光
/celebrity/1025219/,托宾·贝尔
/celebrity/1049669/,科斯塔斯·曼迪勒
/celebrity/1135939/,斯科特·帕特森
/celebrity/1049712/,贝茜·拉塞尔
/celebrity/1367073/,雷瑞克·本特
/celebrity/1326612/,雅典娜·卡尔卡尼斯
/celebrity/1328428/,路易斯·费雷拉
/celebrity/1002869/,西蒙·雷诺兹
/celebrity/1025198/,唐尼·沃尔伯格
/celebrity/1049554/,安古斯·麦克菲登
/celebrity/1025219/,托宾·贝尔
/celebrity/1049669/,科斯塔斯·曼迪勒
/celebrity/1054892/,马克·罗斯顿
/celebrity/1049712/,贝茜·拉塞尔
/celebrity/1009317/,肖妮·史密斯
/celebrity/1135247/,彼德·奥德博拉治
/celebrity/1326612/,雅典娜·卡尔卡尼斯
/celebrity/1383407/,萨曼莎·莱摩尔
/celebrity/1022818/,坦迪亚·霍华德
/celebrity/1383408/,马蒂·莫罗
/celebrity/1048171/,泰勒·莱伯恩
/celebrity/1031855/,艾伦·图代克
/celebrity/1049568/,卡特里娜·宝登
/celebrity/1045130/,杰西·莫斯
/subject_search?search_text=Philip%20Granger,Philip Granger
/celebrity/1208143/,布兰顿·杰·麦克拉伦
/celebrity/1327185/,克里斯蒂·莱恩
/celebrity/1041175/,切兰·西蒙斯
/celebrity/1262830/,特拉维斯·尼尔森
/celebrity/1225706/,亚历克斯·阿瑟罗
/celebrity/1001242/,野村万斋
/celebrity/1023316/,伊藤英明
/celebrity/1303388/,今井绘理子
/celebrity/1005460/,小泉今日子
/celebrity/1027879/,真田广之
/celebrity/1018741/,夏川结衣
/celebrity/1006260/,宝生舞
/celebrity/1317536/,矢岛健一
/celebrity/1111349/,石丸谦二郎
/celebrity/1042056/,柄本明
/celebrity/1031814/,库尔特·拉塞尔
/celebrity/1044717/,罗莎里奥·道森
/celebrity/1049504/,罗丝·麦高恩
/celebrity/1002691/,玛丽·谢尔顿
/celebrity/1013871/,弗莱迪·罗德里格兹
/celebrity/1004568/,乔什·布洛林
/celebrity/1010509/,布鲁斯·威利斯
/celebrity/1054444/,昆汀·塔伦蒂诺
/celebrity/1054455/,尼古拉斯·凯奇
/celebrity/1277794/,蒂莫西·贝尔米
/celebrity/1294431/,黛安娜·培耶
/celebrity/1315493/,伊丽莎白·穆迪
/celebrity/1022001/,伊莎贝尔·阿佳妮
/celebrity/1049525/,山姆·尼尔
/celebrity/1071563/,玛吉特·卡斯滕森
/celebrity/1122899/,莱斯利·马尔顿
/celebrity/1064873/,海因茨·贝能特
/celebrity/1095733/,约翰娜·霍费尔
/celebrity/1082195/,卡罗尔·杜瑞
/celebrity/1356138/,肖恩·劳顿
/celebrity/1356139/,马克西米利安·露丝莱恩
/celebrity/1080121/,托马斯·弗雷
/celebrity/1274464/,松井良彦
/subject_search?search_text=%E4%B8%AD%E7%BE%8E%E5%A5%88%E5%AD%90,中美奈子
/subject_search?search_text=%E6%A3%AE%E4%B8%8B%E7%BA%AA%E5%BD%A6,森下纪彦
/subject_search?search_text=%E6%9E%97%E5%92%8C%E4%B9%89,林和义
/subject_search?search_text=%E9%87%8E%E6%9D%91%E6%AC%A3%E5%8F%B2,野村欣史
/subject_search?search_text=%E5%8A%A0%E8%97%A4%E6%97%A9%E8%8B%97,加藤早苗
/celebrity/1044930/,雪莉·李
/celebrity/1025253/,雷·怀斯
/celebrity/1036430/,梅晨·阿米克
/celebrity/1054672/,达纳·艾什布鲁克
/celebrity/1013850/,大卫·鲍伊
/celebrity/1027898/,克劳斯·金斯基
/celebrity/1022001/,伊莎贝尔·阿佳妮
/celebrity/1000247/,布鲁诺·冈茨
/celebrity/1055212/,达·范·汉森德
/celebrity/1049609/,克里斯蒂·麦克尼科尔
/celebrity/1040750/,詹姆森·帕克
/celebrity/1123949/,卡尔·刘易斯·米勒
/celebrity/1025328/,塞缪尔·富勒
/celebrity/1159189/,马歇尔·汤普森
/celebrity/1025386/,保罗·巴特尔
/celebrity/1119893/,内尔·发莫罗
/celebrity/1083425/,乔治·费舍尔
/celebrity/1019128/,保罗·温菲尔德
/celebrity/1019152/,伯尔·艾弗斯
/celebrity/1007063/,凯文·麦卡锡
/celebrity/1019091/,达娜·温特
/celebrity/1097614/,拉里·盖茨
/celebrity/1007204/,金·多诺万
/celebrity/1111744/,卡罗琳·琼斯
/celebrity/1384790/,安德莉亚·阿尔祖里
/celebrity/1384791/,伊娃·欧简古仁
/celebrity/1384792/,乔苏·库贝罗
/celebrity/1384793/,费利克斯·阿卡拉佐
/celebrity/1208672/,豪尔赫·卡雷罗
/celebrity/1384794/,纽丽娅·马林
/celebrity/1384795/,乔恩·戈里
/celebrity/1244033/,克帕·奎托
/celebrity/1000184/,安东尼·博金斯
/celebrity/1049722/,维拉·迈尔斯
/celebrity/1004666/,梅格·提利
/celebrity/1021153/,中村吉右卫门
/celebrity/1028576/,乙羽信子
/celebrity/1138588/,佐藤庆
/celebrity/1046965/,户浦六宏
/celebrity/1040152/,太地喜和子
/celebrity/1029580/,殿山泰司
/celebrity/1025862/,观世荣夫
/celebrity/1083434/,江角英明
/celebrity/1036575/,波利斯·卡洛夫
/celebrity/1005081/,科林·克利夫
/celebrity/1100390/,瓦莱莉娅·霍布森
/celebrity/1154276/,欧内斯特·塞西杰
/celebrity/1041205/,爱尔莎·兰切斯特
/celebrity/1041170/,斯蒂芬·瑞
/celebrity/1010556/,唐纳德·萨瑟兰
/celebrity/1002675/,马克斯·冯·叙多夫
/subject_search?search_text=Helmut%20D%C3%B6ring,Helmut Döring
/subject_search?search_text=Gerd%20Gickel,Gerd Gickel
/subject_search?search_text=Paul%20Glauer,Paul Glauer
/subject_search?search_text=Gisela%20Hertwig,Gisela Hertwig
/subject_search?search_text=Hertel%20Minkner,Hertel Minkner
/celebrity/1089005/,让·德比古
/celebrity/1355729/,Marguerite Gance
/celebrity/1105539/,Charles Lamy
/celebrity/1362430/,Fournez-Goffard
/subject_search?search_text=Luc%20Dartagnan,Luc Dartagnan
/celebrity/1041646/,阿贝尔·冈斯
/subject_search?search_text=Halma,Halma
/celebrity/1344662/,Pierre Hot
/subject_search?search_text=Pierre%20Kefer,Pierre Kefer
/celebrity/1025389/,艾尔文·莱德
/subject_search?search_text=%E8%BE%B0%E5%B7%B3%E7%90%A2%E9%83%8E,辰巳琢郎
/subject_search?search_text=%E7%9F%B3%E9%87%8E%E9%99%BD%E5%AD%90,石野陽子
/subject_search?search_text=%E6%9E%97%E6%B3%B0%E6%96%87,林泰文
/subject_search?search_text=%E6%B2%B3%E5%86%85%E6%A1%83%E5%AD%90,河内桃子
/subject_search?search_text=%E5%B0%8F%E9%AB%98%E6%81%B5%E7%BE%8E,小高恵美
/celebrity/1072559/,玛乌戈热塔·布劳内克
/celebrity/1099120/,米哈尔·格鲁津斯基
/celebrity/1123476/,伊加·迈尔
/celebrity/1274116/,博泽娜·米菲奥多
/celebrity/1135636/,莫妮卡·涅姆奇克
/subject_search?search_text=Anna%20Parzonka,Anna Parzonka
/celebrity/1131663/,沃捷希奇·帕斯佐尼亚克
/celebrity/1142848/,维克托·萨德茨基
/celebrity/1158137/,莱赛克· 泰来钦斯基
/celebrity/1316928/,丹尼尔·卡卢亚
/celebrity/1318760/,艾莉森·威廉姆斯
/celebrity/1002681/,凯瑟琳·基纳
/celebrity/1027158/,布莱德利·惠特福德
/celebrity/1235113/,卡赖伯·兰德里·琼斯
/celebrity/1369570/,马库斯·亨德森
/celebrity/1360187/,贝蒂·加布里埃尔
/celebrity/1272798/,勒凯斯·斯坦菲尔德
/celebrity/1041136/,斯蒂芬·鲁特
/celebrity/1369571/,里尔·莱尔·哈瓦瑞
/celebrity/1025198/,唐尼·沃尔伯格
/celebrity/1006969/,安贝·瓦莱塔
/celebrity/1036305/,瑞恩·柯万腾
/celebrity/1032368/,迈克尔·费尔曼
/celebrity/1041179/,鲍勃·冈顿
/celebrity/1312515/,劳拉·里根
/celebrity/1035648/,西蒙·佩吉
/celebrity/1000102/,尼克·弗罗斯特
/celebrity/1018118/,凯特·阿什菲尔德
/celebrity/1013960/,露茜·戴维斯
/celebrity/1040657/,迪兰·莫兰
/celebrity/1018190/,佩内洛普·威尔顿
/celebrity/1041002/,比尔·奈伊
/celebrity/1041231/,杰西卡·海因斯
/celebrity/1010635/,彼得·塞拉菲诺威茨
/celebrity/1032169/,拉菲·斯波
/celebrity/1022562/,罗丝·伯恩
/celebrity/1006919/,帕特里克·威尔森
/subject_search?search_text=Ty%20Simpkins,Ty Simpkins
/celebrity/1276530/,林·沙烨
/celebrity/1006998/,芭芭拉·赫希
/subject_search?search_text=Andrew%20Astor,Andrew Astor
/celebrity/1014029/,雷·沃纳尔
/subject_search?search_text=Angus%20Sampson,Angus Sampson
/celebrity/1025219/,托宾·贝尔
/celebrity/1049669/,科斯塔斯·曼迪勒
/celebrity/1135939/,斯科特·帕特森
/celebrity/1049712/,贝茜·拉塞尔
/celebrity/1044710/,朱莉·本茨
/celebrity/1022635/,梅根·古德
/celebrity/1054892/,马克·罗斯顿
/celebrity/1141797/,卡尔洛·罗塔
/celebrity/1353762/,格雷格·布瑞克
/celebrity/1357961/,劳拉·戈登
/celebrity/1018444/,阿南达·爱华灵咸
/celebrity/1041591/,娜特慧兰·塔美
/celebrity/1319712/,阿西塔·西卡玛娜
/subject_search?search_text=Unnop%20Chanpaibool,Unnop Chanpaibool
/subject_search?search_text=Titikarn%20Tongprasearth,Titikarn Tongprasearth
/subject_search?search_text=Sivagorn%20Muttamara,Sivagorn Muttamara
/subject_search?search_text=Chachchaya%20Chalemphol,Chachchaya Chalemphol
/subject_search?search_text=Kachormsak%20Naruepatr,Kachormsak Naruepatr
/subject_search?search_text=Apichart%20Chusakul,Apichart Chusakul
/subject_search?search_text=Binn%20Kitchachonpong,Binn Kitchachonpong
/celebrity/1025219/,托宾·贝尔
/celebrity/1049669/,科斯塔斯·曼迪勒
/celebrity/1049712/,贝茜·拉塞尔
/celebrity/1040521/,加利·艾尔维斯
/celebrity/1027166/,肖恩·派特里克·弗兰纳里
/celebrity/1089653/,查德·多纳拉
/celebrity/1031948/,吉娜·赫尔顿
/celebrity/1383411/,劳伦斯·安东尼
/celebrity/1059737/,迪恩·阿姆斯特朗
/celebrity/1371763/,奈奥米·斯尼克斯
/celebrity/1047986/,萨尔玛·海耶克
/celebrity/1036377/,文森特·卡索
/celebrity/1107884/,托比·琼斯
/celebrity/1017907/,约翰·C·赖利
/celebrity/1036426/,雪莉·亨德森
/celebrity/1356532/,海莉·卡迈克尔
/celebrity/1262714/,碧碧·凯芙
/celebrity/1334729/,斯塔西·马汀
/celebrity/1322039/,克里斯蒂安·利斯
/celebrity/1356533/,纪尧姆·德洛内
/celebrity/1242230/,马修·默瑟
/celebrity/1192728/,戴夫·维滕博格
/celebrity/1185556/,柯特奈·泰勒
/celebrity/1048452/,Val Tasso
/celebrity/1140065/,罗宾·萨奇斯
/celebrity/1031827/,温迪·李
/subject_search?search_text=Salli%20Saffioti,Salli Saffioti
/celebrity/1016823/,林正英
/celebrity/1005415/,钱小豪
/subject_search?search_text=%E5%90%95%E6%96%B9,吕方
/celebrity/1127819/,吴君如
/subject_search?search_text=%E6%A5%BC%E5%8D%97%E5%85%89,楼南光
/subject_search?search_text=%E7%8E%9B%E5%88%A9%E4%BA%9A,玛利亚
/celebrity/1005415/,钱小豪
/celebrity/1016823/,林正英
/celebrity/1023727/,许冠英
/celebrity/1033284/,关秀媚
/subject_search?search_text=%E8%B0%AD%E5%87%AF%E6%AC%A3,谭凯欣
/subject_search?search_text=%E5%BE%90%E6%9B%BC%E5%8D%8E,徐曼华
/celebrity/1127819/,吴君如
/subject_search?search_text=%E6%A5%BC%E5%8D%97%E5%85%89,楼南光
/subject_search?search_text=%E9%99%88%E6%83%A0%E6%95%8F,陈惠敏
/subject_search?search_text=%E6%9E%97%E4%BF%9D%E6%80%A1,林保怡
/celebrity/1054445/,罗伯特·德尼罗
/celebrity/1036342/,肯尼思·布拉纳
/celebrity/1036401/,汤姆·休斯克
/celebrity/1016680/,海伦娜·伯翰·卡特
/celebrity/1031890/,艾丹·奎因
/celebrity/1049594/,伊安·霍姆
/celebrity/1014070/,理查德·布赖尔斯
/celebrity/1041137/,约翰·克立斯
/celebrity/1102043/,罗伯特·哈迪
/celebrity/1002807/,切瑞·朗吉
/celebrity/1049525/,山姆·尼尔
/celebrity/1069527/,朱莉·卡门
/celebrity/1019048/,尤尔根·普洛斯诺
/celebrity/1014169/,工藤夕贵
/subject_search?search_text=%E4%B8%AD%E6%9D%91%E4%BD%90%E6%81%B5%E7%BE%8E,中村佐恵美
/celebrity/1087140/,堂本刚
/celebrity/1048799/,古尾谷雅人
/celebrity/1029569/,友坂理惠
/celebrity/1000031/,池内万作
/subject_search?search_text=%E5%8E%9F%E7%9F%A5%E5%AE%8F,原知宏
/subject_search?search_text=%E7%AB%8B%E5%B7%9D%E6%94%BF%E5%B8%82,立川政市
/subject_search?search_text=%E5%86%85%E7%94%B0%E8%8E%89%E7%B4%97,内田莉紗
/celebrity/1023587/,水川麻美
/celebrity/1025761/,中尾彬
/celebrity/1019113/,爱德华·伍德华德
/celebrity/1054467/,克里斯托弗·李
/celebrity/1027409/,黛安妮·赛琳托
/celebrity/1027880/,布里特·艾克拉诺
/celebrity/1135054/,英格丽德·皮特
/celebrity/1110958/,林赛·肯普
/celebrity/1162016/,拉塞尔·沃特斯
/celebrity/1131564/,奥布里·莫里斯
/subject_search?search_text=Irene%20Sunters,Irene Sunters
/celebrity/1069136/,Walter Carr
/celebrity/1041225/,戴维·海明斯
/celebrity/1018443/,达里亚·尼科洛迪
/celebrity/1028430/,加布里埃莱·拉维亚
/celebrity/1080805/,乐蒂
/celebrity/1275097/,赵雷
/celebrity/1068607/,杨志卿
/celebrity/1333939/,唐若青
/celebrity/1334345/,郝履仁
/celebrity/1138625/,雅罗斯拉娃·莎勒洛娃
/subject_search?search_text=Helena%20An%C3%BDzov%C3%A1,Helena Anýzová
/subject_search?search_text=Petr%20Kopriva,Petr Kopriva
/subject_search?search_text=Jir%C3%AD%20Pr%C3%BDmek,Jirí Prýmek
/celebrity/1109420/,石坂浩二
/celebrity/1045305/,岛田阳子
/celebrity/1015608/,青井辉彦
/celebrity/1038361/,高峰三枝子
/celebrity/1031254/,草笛光子
/celebrity/1145356/,三条美纪
/celebrity/1352647/,川口晶
/celebrity/1219650/,坂口良子
/celebrity/1048878/,地井武男
/celebrity/1035457/,川口恒
/subject_search?search_text=Matt%20Foyer,Matt Foyer
/subject_search?search_text=John%20Bolen,John Bolen
/subject_search?search_text=Ralph%20Lucas,Ralph Lucas
/subject_search?search_text=Chad%20Fifer,Chad Fifer
/subject_search?search_text=Susan%20Zucker,Susan Zucker
/subject_search?search_text=Kalafatic%20Poole,Kalafatic Poole
/celebrity/1041147/,理查德·伯顿
/celebrity/1041217/,彼得·弗斯
/celebrity/1062700/,科林·布莱克利
/celebrity/1041184/,琼·普莱怀特
/celebrity/1036466/,珍妮·艾加特
/celebrity/1004576/,瓦妮莎·雷德格瑞夫
/celebrity/1007026/,奥列佛·里德
/celebrity/1002861/,杜德里·沙顿
/celebrity/1059413/,麦克斯·艾德里安
/celebrity/1036553/,杰玛·琼斯
/celebrity/1275081/,穆雷·梅尔文
/celebrity/1096908/,迈克尔·戈特哈德
/celebrity/1091970/,乔治娜·黑尔
/celebrity/1027638/,布莱恩·墨菲
/celebrity/1039005/,克里斯托弗·洛格
/celebrity/1041109/,拉达·米切尔
/celebrity/1002683/,肖恩·宾
/celebrity/1036452/,劳瑞·侯登
/celebrity/1002738/,黛博拉·卡拉·安格
/celebrity/1013818/,金·寇兹
/celebrity/1342580/,谭雅·艾伦
/celebrity/1055814/,艾丽丝·克里奇
/celebrity/1027141/,祖蒂·弗兰
/celebrity/1054456/,约翰尼·德普
/celebrity/1035653/,克里斯蒂娜·里奇
/celebrity/1031812/,米兰达·理查森
/celebrity/1027154/,迈克尔·刚本
/celebrity/1036399/,卡斯帕·凡·迪恩
/celebrity/1027832/,杰弗瑞·琼斯
/celebrity/1025262/,理查德·格雷弗斯
/celebrity/1022714/,伊恩·麦克迪阿梅德
/celebrity/1055859/,迈克尔·高夫
/celebrity/1053574/,克里斯托弗·沃肯
/celebrity/1329033/,肖娜·麦克唐纳
/celebrity/1022738/,娜塔莉·杰克逊·门多萨
/celebrity/1344876/,阿里克斯·瑞德
/celebrity/1045220/,萨斯基亚·马尔德
/celebrity/1049738/,玛安娜·本灵
/celebrity/1210392/,诺拉简·努恩
/celebrity/1032351/,奥列佛·米尔本
/subject_search?search_text=Molly%20Kayll,Molly Kayll
/subject_search?search_text=Craig%20Conway,Craig Conway
/subject_search?search_text=Leslie%20Simpson,Leslie Simpson
/celebrity/1053569/,西格妮·韦弗
/celebrity/1012519/,薇诺娜·瑞德
/celebrity/1128740/,多米尼克·皮侬
/celebrity/1002688/,朗·普尔曼
/celebrity/1036469/,加里·杜尔丹
/celebrity/1055545/,迈克尔·维克特
/celebrity/1356181/,金·馥拉蕊
/celebrity/1025245/,丹·哈达亚
/celebrity/1087142/,J·E·弗里曼
/celebrity/1031866/,布拉德·道里夫
/celebrity/1027321/,曼努埃拉·贝拉斯科
/celebrity/1364660/,费兰·特拉萨
/celebrity/1364661/,乔治·塞拉诺
/celebrity/1296161/,巴勃罗·罗索
/celebrity/1364662/,大卫·韦尔
/celebrity/1364663/,维森特·希尔
/celebrity/1107921/,卡洛斯·拉萨尔特
/celebrity/1036407/,艾伦·伯斯汀
/celebrity/1002675/,马克斯·冯·叙多夫
/celebrity/1036551/,李·科布
/celebrity/1007024/,琳达·布莱尔
/celebrity/1121202/,杰森·米勒
/celebrity/1002740/,马丁·肖特
/celebrity/1031193/,凯瑟琳·欧哈拉
/celebrity/1019057/,马丁·兰道
/celebrity/1012519/,薇诺娜·瑞德
/celebrity/1009520/,罗伯特·卡普荣
/celebrity/1056139/,康查塔·费雷尔
/celebrity/1017970/,阿蒂库斯·沙弗尔
/celebrity/1009522/,凯尔·赫德布朗特
/celebrity/1027300/,莉娜·林德尔森
/celebrity/1018593/,皮尔·拉格纳
/celebrity/1140713/,米卡尔·拉姆
/celebrity/1018615/,汤姆·柳恩格曼
/celebrity/1072938/,Henrik Dahl
/celebrity/1065761/,Karin Bergquist
/celebrity/1221269/,Peter Carlberg
/celebrity/1132396/,Ika Nord
/subject_search?search_text=Karl-Robert%20Lindgren,Karl-Robert Lindgren
/celebrity/1317344/,于毅
/celebrity/1313591/,岳丽娜
/celebrity/1366248/,何花
/celebrity/1315663/,杨昆
/celebrity/1274649/,倪虹洁
/celebrity/1333723/,刘智扬
/celebrity/1329999/,马特·瑞安
/celebrity/1174919/,达米恩·奥哈尔
/celebrity/1191469/,劳拉·贝莉
/celebrity/1178108/,艾米丽·奥布莱恩
/celebrity/1316486/,罗宾·阿特金·唐斯
/celebrity/1113946/,雷切尔·金西
/celebrity/1055696/,吉姆·麦司奇门
/celebrity/1142715/,凯文·迈克尔·理查德森
/celebrity/1072112/,大家由祐子
/celebrity/1001839/,芦川诚
/celebrity/1083884/,藤井香织
/celebrity/1001599/,柳忧怜
/subject_search?search_text=%E5%B0%8F%E5%B1%B1%E5%83%9A%E5%A4%AA,小山僚太
/celebrity/1216319/,藤贵子
/celebrity/1122604/,松山鹰志
/celebrity/1019038/,鲁伯特·艾弗雷特
/celebrity/1045204/,安娜·法尔奇
/subject_search?search_text=Fran%C3%A7ois%20Hadji-Lazaro,François Hadji-Lazaro
/celebrity/1048162/,大卫·苏切
/celebrity/1045052/,佐伊·沃纳梅克
/celebrity/1005073/,阿米莉亚·布摩
/celebrity/1335906/,黛博拉·芬德莱
/celebrity/1147816/,朱利安·林希德-图特
/celebrity/1437666/,玛丽·希金斯
/celebrity/1221488/,伊恩·哈拉德
/celebrity/1031883/,劳拉·哈灵
/celebrity/1045106/,斯科特·科菲
/celebrity/1016675/,娜奥米·沃茨
/celebrity/1032754/,原田芳雄
/celebrity/1316727/,大谷直子
/celebrity/1014900/,藤田敏八
/celebrity/1033519/,大楠道代
/celebrity/1014853/,树木希林
/celebrity/1321432/,磨赤儿
/celebrity/1011447/,佐佐木澄江
/celebrity/1163631/,山谷初男
/subject_search?search_text=%E6%9C%A8%E6%9D%91%E6%9C%89%E5%B8%8C,木村有希
/celebrity/1048162/,大卫·苏切
/celebrity/1019160/,菲利普·杰克森
/celebrity/1080762/,休·弗拉瑟
/celebrity/1031238/,宋康昊
/celebrity/1180723/,边熙峰
/celebrity/1219054/,朴海日
/celebrity/1057004/,裴斗娜
/celebrity/1023333/,高雅星
/celebrity/1203077/,吴达洙
/celebrity/1047052/,李在应
/celebrity/1315556/,尹宰文
/celebrity/1213426/,金雷夏
/celebrity/1317324/,朴努植
/celebrity/1054452/,布拉德·皮特
/celebrity/1314624/,米瑞·伊诺丝
/celebrity/1009255/,马修·福克斯
/celebrity/1045553/,埃里克·韦斯特
/celebrity/1027810/,大卫·摩斯
/celebrity/1044722/,詹姆斯·戴尔
/celebrity/1045604/,伊莱耶斯·加贝尔
/celebrity/1022809/,莫里兹·布雷多
/celebrity/1331875/,斯特林·杰里斯
/celebrity/1333603/,达妮埃拉·凯尔泰斯
/celebrity/1319126/,克里斯汀·康奈利
/celebrity/1048145/,理查德·詹金斯
/celebrity/1113019/,弗兰·克朗茨
/celebrity/1027158/,布莱德利·惠特福德
/celebrity/1382262/,杰西·威廉姆斯
/celebrity/1021959/,克里斯·海姆斯沃斯
/celebrity/1108620/,安娜·哈彻森
/celebrity/1053569/,西格妮·韦弗
/celebrity/1036347/,艾米·阿克
/celebrity/1048170/,布莱恩·J·怀特
/celebrity/1018986/,约翰·库萨克
/celebrity/1054408/,塞缪尔·杰克逊
/celebrity/1006975/,玛丽·麦克科马克
/celebrity/1209143/,杰西米·杰西卡·安东尼
/celebrity/1027942/,兰·卡琉
/celebrity/1374261/,玛格特·莱斯特
/celebrity/1004707/,乔翰·厄布
/celebrity/1040596/,安德鲁·李·波兹
/celebrity/1027825/,托尼·夏尔赫布
/celebrity/1323283/,金·汤普森
/celebrity/1036341/,尼古拉斯·霍尔特
/celebrity/1031836/,泰莉莎·帕尔墨
/celebrity/1041013/,约翰·马尔科维奇
/celebrity/1017991/,戴夫·弗兰科
/celebrity/1268721/,安娜丽·提普顿
/celebrity/1006978/,罗伯·考德瑞
/celebrity/1040665/,科里·哈德里克
/celebrity/1028170/,松岛菜菜子
/celebrity/1027879/,真田广之
/celebrity/1151757/,竹内结子
/celebrity/1014478/,中谷美纪
/celebrity/1145827/,佐藤仁美
/celebrity/1040998/,埃米尔·赫斯基
/celebrity/1019027/,布莱恩·考克斯
/celebrity/1004674/,奥菲利亚·拉维邦德
/celebrity/1291550/,迈克尔·麦克埃尔哈顿
/celebrity/1366252/,奥尔雯·凯瑟琳·凯莉
/celebrity/1349433/,帕克·索耶
/celebrity/1366333/,简·佩里
/celebrity/1013756/,萨拉·波莉
/celebrity/1048129/,文·瑞姆斯
/celebrity/1031971/,杰克·韦伯
/celebrity/1013836/,梅奇·费法
/celebrity/1025048/,泰·布利尔
/celebrity/1104615/,迈克尔·凯利
/celebrity/1040993/,凯文·席格斯
/subject_search?search_text=Michael%20Barry,Michael Barry
/celebrity/1000180/,林蒂·布丝
/celebrity/1086375/,杰恩·伊斯特伍德
/celebrity/1054433/,乔治·克鲁尼
/celebrity/1054444/,昆汀·塔伦蒂诺
/celebrity/1048131/,哈威·凯特尔
/celebrity/1017914/,朱丽叶特·刘易斯
/celebrity/1047986/,萨尔玛·海耶克
/celebrity/1048217/,迈克尔·帕克斯
/celebrity/1044721/,丹尼·特雷霍
/celebrity/1036434/,特里特·威廉斯
/celebrity/1040523/,法米克·詹森
/celebrity/1049857/,安东尼·希尔德
/celebrity/1040598/,凯文·J·奥康纳
/celebrity/1036366/,韦斯·斯塔迪
/celebrity/1336418/,伍娜·戴蒙
/celebrity/1019000/,詹妮弗·洛佩兹
/celebrity/1002673/,文斯·沃恩
/celebrity/1010546/,文森特·多诺费奥
/celebrity/1055527/,玛丽安娜·琼-巴普蒂斯特
/celebrity/1293039/,娜帕克帕发·纳克普拉西特
/celebrity/1317696/,哈泰万·恩甘苏坎普西
/subject_search?search_text=Akarin%20Siwapornpitak,Akarin Siwapornpitak
/subject_search?search_text=Chanida%20Suriyakompon,Chanida Suriyakompon
/celebrity/1197528/,查理·瑞纳
/celebrity/1154299/,Chintara Sukapatana
/subject_search?search_text=Sirachuch%20Chienthaworn,Sirachuch Chienthaworn
/celebrity/1013835/,茜茜·斯派塞克
/celebrity/1007044/,派珀·劳瑞
/celebrity/1049684/,艾米·欧文
/celebrity/1007047/,威廉姆·卡特
/celebrity/1009440/,贝蒂·巴克利
/celebrity/1054426/,约翰·特拉沃尔塔
/celebrity/1009358/,南茜·艾伦
/celebrity/1053572/,劳拉·琳妮
/celebrity/1036397/,汤姆·威尔金森
/celebrity/1041043/,詹妮弗·卡朋特
/celebrity/1009319/,坎贝尔·斯科特
/celebrity/1042777/,小林凉子
/celebrity/1029180/,松田美由纪
/celebrity/1027728/,铃木杏树
/subject_search?search_text=%E6%B5%9C%E5%B4%8E%E8%8C%9C,浜崎茜
/celebrity/1023769/,村上淳
/celebrity/1025510/,吉行和子
/celebrity/1005547/,市川由衣
/celebrity/1042776/,纱荣子
/celebrity/1185637/,神木隆之介
/celebrity/1032148/,乔治·麦凯
/celebrity/1354934/,安雅·泰勒-乔伊
/celebrity/1360138/,查理·希顿
/celebrity/1333367/,米娅·高斯
/celebrity/1389169/,马修·斯塔格
/celebrity/1389168/,妮可拉·哈里森
/celebrity/1335502/,凯尔·索列尔
/celebrity/1283792/,汤姆·费舍尔
/celebrity/1391088/,玛拉·凯瑟琳·皮尔斯
/celebrity/1345121/,保罗·杰森
/celebrity/1055887/,洪金宝
/celebrity/1314531/,钟发
/celebrity/1016823/,林正英
/celebrity/1054282/,午马
/subject_search?search_text=%E9%99%88%E9%BE%99,陈龙
/celebrity/1360414/,杜少明
/celebrity/1374071/,黄哈
/celebrity/1312993/,太保
/celebrity/1034285/,屋良有作
/celebrity/1003681/,藤田淑子
/celebrity/1054358/,永井一郎
/celebrity/1019660/,青野武
/celebrity/1402067/,横尾麻里
/celebrity/1017335/,大木民夫
/celebrity/1012921/,户谷公次
/celebrity/1130647/,村松康雄
/celebrity/1410778/,岸野一彦
/celebrity/1035889/,安藤亚里沙
/celebrity/1014883/,池上季实子
/celebrity/1135089/,大场久美子 
/celebrity/1019981/,神保美喜
/celebrity/1033711/,南田洋子
/subject_search?search_text=%E3%82%B4%E3%83%80%E3%82%A4%E3%82%B4,ゴダイゴ
/celebrity/1344689/,松原爱
/celebrity/1344690/,佐藤美惠子
/celebrity/1344692/,宫子昌代
/celebrity/1008191/,三浦友和
/celebrity/1037350/,皮埃尔·布拉瑟
/celebrity/1019179/,阿莉达·瓦利
/celebrity/1118388/,朱丽叶特·麦涅勒
/celebrity/1147822/,亚历山大·里尼奥
/celebrity/1060106/,贝亚特丽斯·阿尔塔里巴
/celebrity/1065255/,夏尔·布拉韦特
/celebrity/1019247/,克洛德·布拉瑟
/celebrity/1081913/,米歇尔·埃切韦里
/celebrity/1162741/,伊薇特·埃蒂耶旺
/celebrity/1096489/,勒内·热南
/celebrity/1005081/,科林·克利夫
/celebrity/1025414/,梅·克拉克
/celebrity/1041676/,约翰·博尔斯
/celebrity/1036575/,波利斯·卡洛夫
/celebrity/1153879/,爱德华·范·斯隆
/celebrity/1048469/,徐少强
/celebrity/1313798/,高雄
/celebrity/1037445/,黄锦燊
/celebrity/1301332/,胡大为
/subject_search?search_text=%E9%9F%A9%E5%9B%BD%E6%9D%90,韩国材
/celebrity/1274291/,段奕宏
/celebrity/1301874/,察猜·本班尼
/celebrity/1048448/,宝田明
/subject_search?search_text=%E6%B2%B3%E5%86%85%E6%A1%83%E5%AD%90,河内桃子
/celebrity/1016916/,平田昭彦
/celebrity/1032411/,志村乔
/celebrity/1008508/,堺左千夫
/subject_search?search_text=Candace%20Hilligoss,Candace Hilligoss
/celebrity/1002719/,里克·莫拉尼斯
/celebrity/1093377/,艾伦·格里尼
/celebrity/1014156/,文森特·加迪尼亚
/celebrity/1022595/,史蒂夫·马丁
/celebrity/1009404/,蒂琪娜·阿诺
/celebrity/1027279/,提莎·坎贝尔-马丁
/celebrity/1148876/,列维·斯塔布斯
/celebrity/1019035/,詹姆斯·贝鲁什
/celebrity/1041130/,约翰·坎迪
/celebrity/1055064/,克里斯托弗·格斯特
/subject_search?search_text=Yelena%20Babenko,Yelena Babenko
/subject_search?search_text=Bogdan%20Stupka,Bogdan Stupka
/subject_search?search_text=Igor%20Petrenko,Igor Petrenko
/subject_search?search_text=Andrei%20Panin,Andrei Panin
/celebrity/1036384/,比尔·普尔曼
/celebrity/1048134/,比尔·帕克斯顿
/celebrity/1002766/,巴德·库特
/celebrity/1136302/,尼古拉斯·普罗约尔
/celebrity/1056028/,帕特丽夏·夏博诺
/celebrity/1007031/,乔治·肯尼迪
/celebrity/1010673/,李·阿伦伯格
/celebrity/1327976/,安迪·伍德
/celebrity/1343865/,Maud Winchester
/celebrity/1110647/,Jon Kellam
/celebrity/1019086/,琼·柯琳斯
/celebrity/1019084/,彼得·库欣
/celebrity/1019181/,罗伊·多特里斯
/celebrity/1049836/,卡珊德拉·彼得逊
/celebrity/1145673/,菲尔·鲁本斯坦
/celebrity/1045323/,拉里·弗拉什·詹金斯
/celebrity/1000010/,迈克尔·法斯宾德
/celebrity/1316589/,凯瑟琳·沃特斯顿
/celebrity/1009265/,比利·克鲁德普
/celebrity/1013797/,丹尼·麦克布莱德
/celebrity/1022762/,德米安·比齐尔
/celebrity/1014022/,卡门·艾乔戈
/celebrity/1153078/,朱西·斯莫利特
/celebrity/1339675/,考莉·埃尔南德斯
/celebrity/1307449/,艾米·西米茨
/celebrity/1303273/,纳撒尼尔·迪安
/celebrity/1022798/,比尔·斯卡斯加德
/celebrity/1341335/,杰登·马泰尔
/celebrity/1380977/,杰里米·雷·泰勒
/celebrity/1379835/,索菲娅·莉莉丝
/celebrity/1359349/,菲恩·伍法德
/celebrity/1380978/,乔森·雅各布
/celebrity/1380979/,杰克·迪伦·格雷泽
/celebrity/1343727/,瓦耶特·奥莱夫
/celebrity/1372361/,杰克逊·罗伯特·斯科特
/celebrity/1362445/,尼古拉斯·汉密尔顿
/celebrity/1018978/,艾丽·拉特
/celebrity/1077047/,A·J·库克
/celebrity/1049724/,迈克尔·兰德斯
/celebrity/1135567/,大卫·佩特考
/celebrity/1109192/,詹姆斯·柯克
/celebrity/1055965/,琳达·博伊德
/celebrity/1152919/,基冈·康纳·特雷西
/celebrity/1399610/,乔纳森·切里
/celebrity/1071013/,特伦斯·卡森
/celebrity/1122666/,贾斯蒂娜·马查多
/celebrity/1315737/,染谷将太
/celebrity/1014844/,深津绘里
/celebrity/1045927/,阿部隆史
/celebrity/1275733/,桥本爱
/celebrity/1324960/,东出昌大
/celebrity/1274739/,岩井秀人
/celebrity/1319356/,山中崇
/celebrity/1000031/,池内万作
/celebrity/1028931/,丰原功补
/celebrity/1005286/,大森南朋
/celebrity/1023133/,奥菜惠
/celebrity/1018668/,伊东美咲
/celebrity/1174979/,上原美佐
/celebrity/1005547/,市川由衣
/celebrity/1054163/,津田宽治
/celebrity/1216319/,藤贵子
/celebrity/1003494/,张国荣
/celebrity/1204410/,林嘉欣
/celebrity/1037662/,李子雄
/celebrity/1037015/,周嘉玲
/celebrity/1048469/,徐少强
/celebrity/1327713/,潘美琪
/celebrity/1054445/,罗伯特·德尼罗
/celebrity/1013785/,达科塔·范宁
/celebrity/1040523/,法米克·詹森
/celebrity/1027140/,伊丽莎白·苏
/celebrity/1049684/,艾米·欧文
/celebrity/1032298/,贝伦·鲁埃达
/celebrity/1048362/,费尔南多·卡约
/celebrity/1050536/,罗赫尔·普林赛普
/celebrity/1140230/,玛贝尔·里维拉
/celebrity/1320280/,Montserrat Carulla
/celebrity/1025238/,杰拉丁·卓别林
/celebrity/1005916/,酒井法子
/celebrity/1003970/,葛山信吾
/celebrity/1302206/,水木薫
/celebrity/1029312/,堀江庆
/celebrity/1005547/,市川由衣
/celebrity/1133832/,新山千春
/celebrity/1037854/,斋藤步
/celebrity/1049504/,罗丝·麦高恩
/celebrity/1013871/,弗莱迪·罗德里格兹
/celebrity/1004568/,乔什·布洛林
/celebrity/1002691/,玛丽·谢尔顿
/celebrity/1036461/,杰夫·法赫
/celebrity/1025190/,迈克尔·比恩
/celebrity/1370782/,瑞贝尔·罗德里格兹
/celebrity/1010509/,布鲁斯·威利斯
/celebrity/1013779/,纳威恩·安德利维斯
/celebrity/1116784/,胡里奥·奥斯卡·门乔索
/celebrity/1002679/,丹尼斯·奎德
/celebrity/1040512/,本·福斯特
/celebrity/1022576/,凯姆·吉甘戴
/celebrity/1013842/,安婕·特拉乌
/celebrity/1313810/,黎烈弓
/celebrity/1013802/,诺曼·瑞杜斯
/celebrity/1050195/,安德烈·赫尼克
/celebrity/1130970/,沃坦·维尔克·默林
/celebrity/1296200/,Eddie Rouse
/celebrity/1110644/,弗雷德里克·坎普特
/celebrity/1054162/,赖拉·邦雅淑
/celebrity/1242480/,玛妮娜·甘婉
/subject_search?search_text=Apinya%20Sakuljaroensuk,Apinya Sakuljaroensuk
/subject_search?search_text=Pongsatorn%20Jongwilak,Pongsatorn Jongwilak
/subject_search?search_text=Kantapat%20Permpoonpatcharasuk,Kantapat Permpoonpatcharasuk
/celebrity/1332244/,纳塔蓬·查特蓬
/celebrity/1036630/,浅野忠信
/celebrity/1005286/,大森南朋
/celebrity/1014223/,冢本晋也
/celebrity/1050664/,孙佳君
/celebrity/1041631/,寺岛进
/celebrity/1008079/,菅田俊
/celebrity/1314870/,手塚通
/celebrity/1345996/,有园芳记
/celebrity/1011362/,涩川清彦
/celebrity/1037741/,松尾铃木
/celebrity/1009366/,希瑟·兰根坎普
/celebrity/1019010/,罗伯特·英格兰德
/celebrity/1025243/,约翰·萨克松
/celebrity/1036615/,阿曼达·怀斯
/celebrity/1054456/,约翰尼·德普
/celebrity/1036978/,黎明
/celebrity/1002862/,曾志伟
/celebrity/1303062/,原丽淇
/celebrity/1050699/,金惠秀
/celebrity/1046403/,郑普硕
/celebrity/1380448/,李霆锋
/celebrity/1175765/,文晶熙
/celebrity/1313668/,朴熙顺
/celebrity/1274474/,岑建勋
/subject_search?search_text=Suwinit%20Panjamawat,Suwinit Panjamawat
/celebrity/1097641/,杰西卡·哈珀
/celebrity/1050433/,斯蒂芬妮娅·卡西尼
/celebrity/1075261/,弗拉维奥·布奇
/celebrity/1063616/,米盖尔·波塞
/celebrity/1320160/,芭芭拉·马尼奥尔菲
/celebrity/1108430/,苏珊娜·亚维科利
/celebrity/1058491/,埃娃·阿克森
/celebrity/1145107/,鲁道夫·申德勒
/celebrity/1027867/,乌多·基尔
/celebrity/1019179/,阿莉达·瓦利
/celebrity/1166703/,吴倩莲
/celebrity/1274440/,黎耀祥
/celebrity/1003593/,陈豪
/subject_search?search_text=%E9%BB%84%E6%96%87%E6%85%A7,黄文慧
/subject_search?search_text=%E5%85%83%E5%BD%AC,元彬
/subject_search?search_text=%E6%9E%97%E9%9B%AA,林雪
/celebrity/1107555/,杜安·琼斯
/celebrity/1135216/,朱迪丝·奥迪娅
/celebrity/1000813/,卡尔·哈德曼
/subject_search?search_text=Marilyn%20Eastman,Marilyn Eastman
/celebrity/1167637/,基思·韦恩
/subject_search?search_text=Judith%20Ridley,Judith Ridley
/celebrity/1139123/,凯拉·舍恩
/celebrity/1031218/,格利高里·派克
/celebrity/1036580/,丽·莱米克
/celebrity/1025251/,大卫·沃纳
/celebrity/1019169/,比莉·怀特劳
/celebrity/1159635/,哈维·史蒂芬斯
/celebrity/1153927/,帕特里克·特罗
/celebrity/1066696/,马丁·本森
/celebrity/1146607/,罗伯特·里耶蒂
/celebrity/1088852/,Tommy Duggan
/celebrity/1153363/,约翰·斯特赖德
/celebrity/1134402/,罗迪·派彭
/celebrity/1019012/,凯斯·大卫
/celebrity/1054792/,梅格·福斯特
/celebrity/1041265/,乔治·“巴克”·弗劳尔
/celebrity/1110336/,皮特·杰森
/celebrity/1032557/,雷蒙·雅克
/celebrity/1146026/,Jason Robards III
/celebrity/1045865/,John Lawrence
/celebrity/1070655/,Wendy Brainard
/celebrity/1160763/,Norm Wilson
/celebrity/1116858/,任昌丁
/celebrity/1038747/,权伍中
/celebrity/1180723/,边熙峰
/celebrity/1023392/,朱镇模
/celebrity/1015020/,林恩京
/celebrity/1310942/,金允石
/celebrity/1048234/,大卫·海迪生
/celebrity/1127701/,帕特里夏·欧文斯
/celebrity/1019061/,文森特·普莱斯
/celebrity/1055639/,赫伯特·马歇尔
/celebrity/1083132/,凯瑟琳·弗里曼
/celebrity/1091140/,贝蒂·洛乌·格尔森
/celebrity/1091672/,查尔斯·赫伯特
/subject_search?search_text=%E8%B0%B7%E6%9D%91%E7%BE%8E%E6%9C%88,谷村美月
/subject_search?search_text=%E6%9F%84%E6%9C%AC%E4%BD%91,柄本佑
/subject_search?search_text=%E6%AD%A6%E9%87%8D%E5%8B%89,武重勉
/subject_search?search_text=%E4%B8%AD%E6%9D%91%E9%BA%BB%E7%BE%8E,中村麻美
/subject_search?search_text=%E7%9C%9E%E5%B3%B6%E7%A7%80%E5%92%8C,眞島秀和
/subject_search?search_text=Jeffrey%20Combs,Jeffrey Combs
/subject_search?search_text=%E8%B0%B7%E6%9D%91%E7%BE%8E%E6%9C%88,谷村美月
/subject_search?search_text=%E6%9F%84%E6%9C%AC%E6%97%B6%E7%94%9F,柄本时生
/subject_search?search_text=%E6%96%BC%E4%BF%9D%E4%BD%90%E4%BB%A3%E5%AD%90,於保佐代子
/subject_search?search_text=%E6%B4%A5%E7%94%B0%E5%81%A5%E6%AC%A1%E9%83%8E,津田健次郎
/subject_search?search_text=%E6%9D%BE%E5%B0%BE%E8%B0%95,松尾谕
/subject_search?search_text=%E6%9C%A8%E5%8D%97%E6%99%B4%E5%A4%8F,木南晴夏
/subject_search?search_text=%E4%BD%90%E6%B4%A5%E5%B7%9D%E7%88%B1%E7%BE%8E,佐津川爱美
/celebrity/1027261/,碧姬·芭铎
/celebrity/1041174/,阿兰·德龙
/celebrity/1036404/,简·方达
/celebrity/1010570/,特伦斯·斯坦普
/celebrity/1019193/,詹姆斯·罗伯逊·贾斯蒂
/celebrity/1145222/,萨尔沃·兰多纳
/celebrity/1133754/,弗朗索瓦丝·佩武
/celebrity/1031935/,彼得·方达
/subject_search?search_text=Marl%C3%A8ne%20Alexandre,Marlène Alexandre
/subject_search?search_text=David%20Bresson,David Bresson
/subject_search?search_text=%E8%B0%B7%E6%9D%91%E7%BE%8E%E6%9C%88,谷村美月
/subject_search?search_text=%E8%B6%B3%E7%AB%8B%E6%A2%A8%E8%8A%B1,足立梨花
/subject_search?search_text=%E8%BE%BB%E4%BF%AE,辻修
/subject_search?search_text=%E6%B5%85%E9%87%8E%E3%81%8B%E3%82%84,浅野かや
/celebrity/1049756/,比利·德拉戈
/celebrity/1371807/,春海四方
/celebrity/1368702/,美知枝
/celebrity/1359861/,儿岛雄一
/celebrity/1048572/,江口德子
/celebrity/1014169/,工藤夕贵
/celebrity/1008299/,根岸季衣
/celebrity/1024236/,山田豆
/celebrity/1008390/,木下邦家
/celebrity/1041815/,蜷川美穗
/celebrity/1054525/,德鲁·巴里摩尔
/celebrity/1002689/,詹姆斯·伍兹
/celebrity/1108414/,阿兰·金
/celebrity/1124710/,肯尼思·麦克米伦
/celebrity/1025278/,罗伯特·海斯
/celebrity/1019136/,坎迪·克拉克
/celebrity/1036808/,詹姆斯·诺顿
/subject_search?search_text=Tony%20Munafo,Tony Munafo
/celebrity/1124290/,柯特·米勒
/celebrity/1092676/,拉塞尔·霍顿
/celebrity/1002679/,丹尼斯·奎德
/celebrity/1048218/,埃迪·艾伯特
/celebrity/1040572/,凯特·卡普肖
/subject_search?search_text=%E8%A6%B3%E6%9C%88%E3%81%82%E3%82%8A%E3%81%95,観月ありさ
/subject_search?search_text=%E5%A4%A7%E6%B2%A2%E5%81%A5,大沢健
/subject_search?search_text=%E5%B3%B6%E5%B4%8E%E5%92%8C%E6%AD%8C%E5%AD%90,島崎和歌子
/subject_search?search_text=%E9%95%B7%E6%BE%A4%E3%83%A6%E3%82%AD%E3%82%AA,長澤ユキオ
/subject_search?search_text=%E5%B1%B1%E7%94%B0%E4%B9%85%E5%AD%90,山田久子
/subject_search?search_text=%E7%A3%AF%E5%B4%8E%E6%B4%8B%E4%BB%8B,磯崎洋介
/subject_search?search_text=%E4%BD%90%E8%97%A4%E6%B5%A9%E5%B8%82,佐藤浩市
/subject_search?search_text=%E7%AD%92%E4%BA%95%E9%81%93%E9%9A%86,筒井道隆
/subject_search?search_text=%E6%9D%89%E5%8E%9F%E8%B2%B4%E5%BF%97,杉原貴志
/subject_search?search_text=%E4%BA%95%E4%B8%8A%E9%BA%BB%E7%BE%8E,井上麻美
/celebrity/1025154/,米拉·乔沃维奇
/celebrity/1036387/,奥德·菲尔
/celebrity/1009367/,伊恩·格雷
/celebrity/1018978/,艾丽·拉特
/celebrity/1027312/,亚香缇
/celebrity/1320516/,郭度沅
/celebrity/1051046/,黄政民
/celebrity/1331105/,千禹熙
/celebrity/1041791/,国村隼
/celebrity/1339796/,金基天
/celebrity/1352511/,黄锡晶
/celebrity/1357669/,李龙女
/celebrity/1360324/,金焕熙
/celebrity/1027144/,杰西·艾森伯格
/celebrity/1053560/,伍迪·哈里森
/celebrity/1040506/,艾玛·斯通
/celebrity/1025142/,阿比盖尔·布雷斯林
/celebrity/1044702/,艾梅柏·希尔德
/celebrity/1054508/,比尔·默瑞
/celebrity/1194148/,克里斯·伯恩斯
/celebrity/1281306/,布莱斯·科里根
/celebrity/1036444/,埃涅·赫德森
/celebrity/1422136/,苏珊妮·拉切塞斯
/celebrity/1023284/,郑秀文
/celebrity/1007251/,刘青云
/celebrity/1019372/,应采儿
/celebrity/1110339/,李珊珊
/celebrity/1274279/,林雪
/celebrity/1031194/,任达华
/celebrity/1330485/,黄文慧
/celebrity/1041368/,林熙蕾
/celebrity/1014212/,何超仪
/celebrity/1023424/,陈奕迅
/celebrity/1001466/,周俊伟
/celebrity/1274534/,曾国祥
/celebrity/1274325/,单立文
/subject_search?search_text=%E7%8E%8B%E9%9D%92,王青
/celebrity/1038772/,卢海鹏
/celebrity/1275151/,麦浚龙
/celebrity/1005537/,叶璇
/celebrity/1048469/,徐少强
/celebrity/1395965/,卢克·普拉尔
/celebrity/1331875/,斯特林·杰里斯
/celebrity/1019066/,威尔·帕顿
/celebrity/1400233/,科比·乔治
/celebrity/1400234/,卡丁·乔治
/celebrity/1400235/,尼古拉斯·J·奥利韦里
/celebrity/1048132/,萨曼莎·玛西丝
/celebrity/1049757/,罗伯特·约翰·伯克
/celebrity/1395971/,纳迪娅·亚历山大
/celebrity/1319095/,露西·沃特斯
/celebrity/1010584/,米切尔·莫索
/celebrity/1027558/,山姆·勒纳
/celebrity/1049578/,史宾塞·洛克
/celebrity/1054409/,史蒂夫·布西密
/celebrity/1031193/,凯瑟琳·欧哈拉
/celebrity/1049585/,佛莱德·威拉特
/celebrity/1044980/,瑞恩·纽曼
/celebrity/1027775/,玛吉·吉伦哈尔
/celebrity/1044714/,杰森·李
/celebrity/1044719/,凯文·詹姆斯
/celebrity/1025109/,杰夫·高布伦
/celebrity/1006979/,吉娜·戴维斯
/celebrity/1027895/,约翰·盖兹
/celebrity/1324578/,乔·波希尔
/celebrity/1069795/,莱斯利·卡尔森
/celebrity/1054396/,大卫·柯南伯格
/celebrity/1049507/,玛德琳·奇玛
/celebrity/1138362/,安德里亚·罗斯
/celebrity/1004844/,乔什·斯图沃特
/celebrity/1036517/,Juan Fernández
/celebrity/1036638/,迈克尔·瑞利·伯克
/celebrity/1160892/,罗伯特·维斯多姆
/celebrity/1086847/,亚历克斯·费尔德曼
/celebrity/1238766/,海利·普洛斯
/celebrity/1031984/,大卫·安德斯
/celebrity/1165101/,克里斯·维尔德
/celebrity/1331130/,路易斯·格里菲斯
/celebrity/1259073/,贝尔纳多·巴迪罗
/celebrity/1225932/,Wally White
/celebrity/1182024/,马克·埃利亚斯
/celebrity/1184865/,Zoe Simpson
/celebrity/1154210/,大卫·圣.詹姆斯
/celebrity/1016823/,林正英
/celebrity/1005415/,钱小豪
/subject_search?search_text=%E5%90%B4%E5%AE%B6%E4%B8%BD,吴家丽
/subject_search?search_text=%E5%88%98%E6%B4%B5,刘洵
/subject_search?search_text=%E9%BB%84%E6%96%8C,黄斌
/celebrity/1025832/,黄子扬
/celebrity/1054239/,谷峰
/celebrity/1055887/,洪金宝
/celebrity/1016823/,林正英
/celebrity/1286778/,孟海
/celebrity/1289295/,林敏骢
/celebrity/1313657/,龚慈恩
/celebrity/1318967/,王文君
/celebrity/1022821/,邹兆龙
/celebrity/1069816/,布鲁斯·坎贝尔 
/subject_search?search_text=Sarah%20Berry,Sarah Berry
/celebrity/1096157/,丹·希克斯
/celebrity/1081793/,凯茜·韦斯利·德帕瓦
/subject_search?search_text=David%20Emge,David Emge
/celebrity/1032138/,肯·佛瑞
/celebrity/1145074/,斯科特·H·雷宁格
/celebrity/1027080/,Gaylen Ross
/subject_search?search_text=David%20Crawford,David Crawford
/celebrity/1049736/,杰弗瑞·考姆斯
/celebrity/1055060/,布鲁斯·艾伯特
/celebrity/1014139/,芭芭拉·克兰普顿
/celebrity/1028215/,大卫·盖尔
/subject_search?search_text=Robert%20Sampson,Robert Sampson
/celebrity/1027141/,祖蒂·弗兰
/celebrity/1045011/,珍妮·麦克蒂尔
/celebrity/1036425/,布莱登·佛雷切
/celebrity/1049519/,詹妮弗·提莉
/celebrity/1036313/,杰夫·布里吉斯
/celebrity/1187415/,迪伦·泰勒
/subject_search?search_text=Wendy%20Anderson,Wendy Anderson
/subject_search?search_text=Sally%20Crooks,Sally Crooks
/subject_search?search_text=Alden%20Adair,Alden Adair
/celebrity/1350977/,米切·库林
/celebrity/1002689/,詹姆斯·伍兹
/celebrity/1160450/,索尼娅·史密茨
/celebrity/1009417/,黛布拉·哈里
/celebrity/1079508/,彼得·德沃斯基
/celebrity/1069795/,莱斯利·卡尔森
/celebrity/1067658/,Jack Creley
/celebrity/1339937/,Lynne Gorman
/celebrity/1108318/,朱莉·卡纳
/celebrity/1069637/,Lally Cadeau
/celebrity/1093555/,Kay Hawtrey
/subject_search?search_text=G%C3%A9rald%20Laroche,Gérald Laroche
/celebrity/1108398/,菲利普·劳登巴赫
/celebrity/1025366/,克洛维斯·科尔尼亚克
/celebrity/1006996/,哈尔·霍尔布鲁克
/celebrity/1054223/,莱斯利·尼尔森
/celebrity/1019044/,阿德里安娜·巴比欧
/celebrity/1117661/,E.G.马绍尔
/celebrity/1048024/,艾德·哈里斯
/celebrity/1013834/,特德·丹森
/celebrity/1049547/,斯蒂芬·金
/celebrity/1041207/,汤姆·萨维尼
/celebrity/1007031/,乔治·肯尼迪
/celebrity/1036759/,多萝西·拉莫尔
/celebrity/1118033/,霍特·麦克卡兰尼
/celebrity/1158159/,迪恩·史密斯
/celebrity/1019061/,文森特·普莱斯
/celebrity/1000616/,弗兰克·洛夫乔伊
/celebrity/1050198/,菲莉丝·柯克
/celebrity/1111744/,卡罗琳·琼斯
/celebrity/1126632/,保罗·皮切尔尼
/celebrity/1032406/,罗伊·罗伯茨
/celebrity/1077227/,安吉拉·克拉克
/celebrity/1078884/,保罗·卡瓦纳
/celebrity/1093941/,戴布思·格里尔
/celebrity/1041133/,查尔斯·布朗森
/subject_search?search_text=%E5%B8%95%E7%89%B9%E4%B8%BD%E5%A4%8F%C2%B7%E6%B8%A9%E8%BF%AA,帕特丽夏·温迪
/subject_search?search_text=%E5%A4%A7%E5%8D%AB%C2%B7%E6%91%A9%E6%96%AF,大卫·摩斯
/subject_search?search_text=%E5%BC%97%E5%85%B0%E5%A5%87%C2%B7%E8%B4%B9%E6%A3%AE,弗兰奇·费森
